layer,tokens,time_us
act_fn,1,4.192
act_fn,2,4.16033
act_fn,3,4.11767
act_fn,4,4.075
act_fn,5,4.09633
act_fn,6,4.16
act_fn,7,4.128
act_fn,8,4.18133
act_fn,9,4.17067
act_fn,10,4.14933
act_fn,11,4.16
act_fn,12,4.16
act_fn,13,4.224
act_fn,14,4.235
act_fn,15,4.18133
act_fn,16,4.149
act_fn,20,4.75767
act_fn,24,4.88533
act_fn,28,5.05633
act_fn,32,5.16267
act_fn,36,5.36533
act_fn,40,5.536
act_fn,44,5.792
act_fn,48,6.048
act_fn,52,6.41067
act_fn,56,6.688
act_fn,60,6.99733
act_fn,64,7.28533
act_fn,80,10.3683
act_fn,96,10.8587
act_fn,112,13.6
act_fn,128,15.851
act_fn,144,17.077
act_fn,160,18.4963
act_fn,176,20.9707
act_fn,192,24.128
act_fn,208,26.6563
act_fn,224,28.6187
act_fn,240,30.7627
act_fn,256,33.344
act_fn,272,33.728
act_fn,288,35.8513
act_fn,304,37.7497
act_fn,320,40.8427
act_fn,336,42.2723
act_fn,352,44.0327
act_fn,368,46.635
act_fn,384,48.427
act_fn,400,52.5763
act_fn,416,54.4007
act_fn,432,56.609
act_fn,448,58.8593
act_fn,464,60.8323
act_fn,480,62.315
act_fn,496,65.334
act_fn,512,66.8593
act_fn,528,67.552
act_fn,544,70.3367
act_fn,560,71.9153
act_fn,576,74.0593
act_fn,592,76.502
act_fn,608,78.251
act_fn,624,80.5983
act_fn,640,82.966
act_fn,656,83.5207
act_fn,672,85.7177
act_fn,688,87.681
act_fn,704,89.7923
act_fn,720,91.6273
act_fn,736,93.9313
act_fn,752,96.0433
act_fn,768,98.4753
act_fn,784,98.134
act_fn,800,100.47
act_fn,816,101.772
act_fn,832,104.364
act_fn,848,107.052
act_fn,864,109.046
act_fn,880,110.849
act_fn,896,113.644
act_fn,912,116.748
act_fn,928,119.82
act_fn,944,121.206
act_fn,960,123.617
act_fn,976,125.985
act_fn,992,127.202
act_fn,1008,129.388
act_fn,1024,131.521
act_fn,1040,132.737
act_fn,1056,134.977
act_fn,1072,136.94
act_fn,1088,139.244
act_fn,1104,140.652
act_fn,1120,143.362
act_fn,1136,145.058
act_fn,1152,147.19
act_fn,1168,148.695
act_fn,1184,150.625
act_fn,1200,151.564
act_fn,1216,153.965
act_fn,1232,155.905
act_fn,1248,158.508
act_fn,1264,160.599
act_fn,1280,162.625
act_fn,1296,161.719
act_fn,1312,164.364
act_fn,1328,166.326
act_fn,1344,169.047
act_fn,1360,170.988
act_fn,1376,172.919
act_fn,1392,175.959
act_fn,1408,176.567
act_fn,1424,182.156
act_fn,1440,183.927
act_fn,1456,185.495
act_fn,1472,187.788
act_fn,1488,189.645
act_fn,1504,191.906
act_fn,1520,193.762
act_fn,1536,195.926
act_fn,1552,197.089
act_fn,1568,198.807
act_fn,1584,201.794
act_fn,1600,203.191
act_fn,1616,204.908
act_fn,1632,207.479
act_fn,1648,210.231
act_fn,1664,211.725
act_fn,1680,211.554
act_fn,1696,214.38
act_fn,1712,216.802
act_fn,1728,218.616
act_fn,1744,220.237
act_fn,1760,221.868
act_fn,1776,224.717
act_fn,1792,226.669
act_fn,1808,226.061
act_fn,1824,228.93
act_fn,1840,231.341
act_fn,1856,233.517
act_fn,1872,236.023
act_fn,1888,237.069
act_fn,1904,240.087
act_fn,1920,241.922
act_fn,1936,246.274
act_fn,1952,248.61
act_fn,1968,249.57
act_fn,1984,252.706
act_fn,2000,254.04
act_fn,2016,256.333
act_fn,2032,257.506
act_fn,2048,259.992
down_proj,1,169.132
down_proj,2,172.524
down_proj,3,172.449
down_proj,4,172.737
down_proj,5,172.652
down_proj,6,172.982
down_proj,7,173.43
down_proj,8,173.078
down_proj,9,173.697
down_proj,10,174.049
down_proj,11,173.878
down_proj,12,173.91
down_proj,13,174.572
down_proj,14,174.977
down_proj,15,174.955
down_proj,16,174.604
down_proj,20,174.838
down_proj,24,176.182
down_proj,28,176.46
down_proj,32,177.131
down_proj,36,190.55
down_proj,40,190.732
down_proj,44,192.214
down_proj,48,193.185
down_proj,52,194.199
down_proj,56,195.361
down_proj,60,181.675
down_proj,64,181.686
down_proj,80,201.57
down_proj,96,185.612
down_proj,112,192.705
down_proj,128,198.177
down_proj,144,289.986
down_proj,160,293.186
down_proj,176,300.845
down_proj,192,310.445
down_proj,208,354.445
down_proj,224,356.162
down_proj,240,356.365
down_proj,256,358.093
down_proj,272,472.931
down_proj,288,473.091
down_proj,304,473.432
down_proj,320,471.758
down_proj,336,474.041
down_proj,352,578.201
down_proj,368,577.839
down_proj,384,580.867
down_proj,400,572.527
down_proj,416,572.89
down_proj,432,576.452
down_proj,448,574.437
down_proj,464,576.336
down_proj,480,579.631
down_proj,496,581.124
down_proj,512,579.94
down_proj,528,847.985
down_proj,544,847.217
down_proj,560,848.295
down_proj,576,849.543
down_proj,592,852.135
down_proj,608,853.734
down_proj,624,855.099
down_proj,640,853.831
down_proj,656,854.705
down_proj,672,856.701
down_proj,688,857.468
down_proj,704,856.988
down_proj,720,859.549
down_proj,736,860.968
down_proj,752,862.599
down_proj,768,864.295
down_proj,784,1106.04
down_proj,800,1106.82
down_proj,816,1107.18
down_proj,832,1110.13
down_proj,848,1110.83
down_proj,864,1111.31
down_proj,880,1111.53
down_proj,896,1109.99
down_proj,912,1113.36
down_proj,928,1113.51
down_proj,944,1115
down_proj,960,1114.92
down_proj,976,1109.14
down_proj,992,1115.27
down_proj,1008,1114.91
down_proj,1024,1111.82
down_proj,1040,1417
down_proj,1056,1428.39
down_proj,1072,1420.56
down_proj,1088,1416.02
down_proj,1104,1431.65
down_proj,1120,1427.14
down_proj,1136,1425.53
down_proj,1152,1425.83
down_proj,1168,1422.75
down_proj,1184,1433.2
down_proj,1200,1430.01
down_proj,1216,1455.24
down_proj,1232,1439.84
down_proj,1248,1478.65
down_proj,1264,1483.77
down_proj,1280,1434.23
down_proj,1296,1692.64
down_proj,1312,1717.26
down_proj,1328,1719.81
down_proj,1344,1699
down_proj,1360,1700.74
down_proj,1376,1670.88
down_proj,1392,1708.22
down_proj,1408,1726.94
down_proj,1424,1707.46
down_proj,1440,1725.62
down_proj,1456,1719.95
down_proj,1472,1679.11
down_proj,1488,1677.49
down_proj,1504,1680.31
down_proj,1520,1682.02
down_proj,1536,1702.99
down_proj,1552,1974.8
down_proj,1568,2015.09
down_proj,1584,1947.13
down_proj,1600,1992.65
down_proj,1616,1970.16
down_proj,1632,2003.76
down_proj,1648,1993.79
down_proj,1664,1943.47
down_proj,1680,2281.09
down_proj,1696,2272.63
down_proj,1712,2179.32
down_proj,1728,2137.94
down_proj,1744,2181.71
down_proj,1760,2126.99
down_proj,1776,2250.43
down_proj,1792,2179.36
down_proj,1808,2314.65
down_proj,1824,2286.95
down_proj,1840,2281.74
down_proj,1856,2274.05
down_proj,1872,2297.4
down_proj,1888,2268.06
down_proj,1904,2349.12
down_proj,1920,2297.02
down_proj,1936,2303.94
down_proj,1952,2366.25
down_proj,1968,2352.61
down_proj,1984,2299.77
down_proj,2000,2316
down_proj,2016,2320.41
down_proj,2032,2404.52
down_proj,2048,2426.52
embedding,1,4.33067
embedding,2,4.576
embedding,3,4.87467
embedding,4,5.10933
embedding,5,5.483
embedding,6,5.728
embedding,7,5.984
embedding,8,6.101
embedding,9,6.61367
embedding,10,6.90133
embedding,11,7.12533
embedding,12,7.41333
embedding,13,7.776
embedding,14,8.07433
embedding,15,8.24567
embedding,16,8.37333
embedding,20,3.76533
embedding,24,3.66933
embedding,28,3.87233
embedding,32,3.744
embedding,36,3.95833
embedding,40,3.85067
embedding,44,4.03267
embedding,48,3.925
embedding,52,4.15967
embedding,56,4.032
embedding,60,4.23467
embedding,64,4.10667
embedding,80,4.139
embedding,96,4.13833
embedding,112,4.29833
embedding,128,4.415
embedding,144,4.78933
embedding,160,4.8
embedding,176,4.87467
embedding,192,4.90667
embedding,208,5.22667
embedding,224,5.38667
embedding,240,5.42933
embedding,256,5.50367
embedding,272,5.867
embedding,288,5.96267
embedding,304,6.09067
embedding,320,6.10133
embedding,336,6.293
embedding,352,6.4
embedding,368,6.55967
embedding,384,6.81633
embedding,400,7.17867
embedding,416,7.29567
embedding,432,7.456
embedding,448,7.488
embedding,464,7.45567
embedding,480,7.61633
embedding,496,7.66967
embedding,512,7.78667
embedding,528,7.79733
embedding,544,7.94667
embedding,560,8.24533
embedding,576,8.42667
embedding,592,8.63
embedding,608,8.672
embedding,624,9.03467
embedding,640,9.22667
embedding,656,9.30133
embedding,672,9.55767
embedding,688,9.74933
embedding,704,10.048
embedding,720,10.2187
embedding,736,10.3147
embedding,752,10.7627
embedding,768,10.8907
embedding,784,11.0613
embedding,800,11.36
embedding,816,11.5203
embedding,832,11.7977
embedding,848,11.8937
embedding,864,11.9893
embedding,880,12.128
embedding,896,12.491
embedding,912,12.6613
embedding,928,12.8107
embedding,944,13.1307
embedding,960,13.28
embedding,976,13.6643
embedding,992,13.7067
embedding,1008,13.9627
embedding,1024,14.1333
embedding,1040,14.4537
embedding,1056,14.5067
embedding,1072,14.8587
embedding,1088,14.912
embedding,1104,15.0827
embedding,1120,15.3173
embedding,1136,15.4773
embedding,1152,15.6273
embedding,1168,15.8613
embedding,1184,16.224
embedding,1200,16.2563
embedding,1216,16.4053
embedding,1232,16.7473
embedding,1248,17.056
embedding,1264,17.2053
embedding,1280,17.0773
embedding,1296,17.4297
embedding,1312,17.5357
embedding,1328,17.856
embedding,1344,18.027
embedding,1360,18.2507
embedding,1376,18.4533
embedding,1392,18.6673
embedding,1408,18.6773
embedding,1424,19.0083
embedding,1440,19.0293
embedding,1456,19.4347
embedding,1472,19.52
embedding,1488,19.4567
embedding,1504,19.659
embedding,1520,19.989
embedding,1536,20.16
embedding,1552,20.5547
embedding,1568,20.5653
embedding,1584,20.6293
embedding,1600,20.8533
embedding,1616,21.344
embedding,1632,21.184
embedding,1648,21.558
embedding,1664,21.5367
embedding,1680,21.7923
embedding,1696,22.154
embedding,1712,22.1657
embedding,1728,22.4643
embedding,1744,22.88
embedding,1760,22.934
embedding,1776,23.168
embedding,1792,23.1253
embedding,1808,23.616
embedding,1824,23.7227
embedding,1840,23.947
embedding,1856,24.0857
embedding,1872,24.3307
embedding,1888,24.395
embedding,1904,24.779
embedding,1920,24.7253
embedding,1936,24.864
embedding,1952,25.3657
embedding,1968,25.5147
embedding,1984,25.6327
embedding,2000,25.611
embedding,2016,25.8033
embedding,2032,26.293
embedding,2048,26.496
final_layernorm,1,3.05067
final_layernorm,2,3.435
final_layernorm,3,3.42433
final_layernorm,4,3.38133
final_layernorm,5,3.38133
final_layernorm,6,3.37067
final_layernorm,7,3.392
final_layernorm,8,3.39233
final_layernorm,9,3.40267
final_layernorm,10,3.43467
final_layernorm,11,3.424
final_layernorm,12,3.43467
final_layernorm,13,3.41333
final_layernorm,14,3.43467
final_layernorm,15,3.46667
final_layernorm,16,3.44533
final_layernorm,20,3.50933
final_layernorm,24,3.62667
final_layernorm,28,3.72267
final_layernorm,32,3.712
final_layernorm,36,3.52
final_layernorm,40,3.63733
final_layernorm,44,3.70133
final_layernorm,48,3.744
final_layernorm,52,3.82933
final_layernorm,56,3.89333
final_layernorm,60,4.19233
final_layernorm,64,4.267
final_layernorm,80,5.56767
final_layernorm,96,5.824
final_layernorm,112,6.03733
final_layernorm,128,6.47467
final_layernorm,144,7.55233
final_layernorm,160,7.723
final_layernorm,176,7.89367
final_layernorm,192,8.08533
final_layernorm,208,9.64267
final_layernorm,224,9.89867
final_layernorm,240,10.2293
final_layernorm,256,8.01067
final_layernorm,272,8.93867
final_layernorm,288,9.13067
final_layernorm,304,9.536
final_layernorm,320,10.6883
final_layernorm,336,11.99
final_layernorm,352,12.3627
final_layernorm,368,13.0773
final_layernorm,384,14.1337
final_layernorm,400,18.219
final_layernorm,416,19.6373
final_layernorm,432,19.8933
final_layernorm,448,20.907
final_layernorm,464,21.568
final_layernorm,480,21.9417
final_layernorm,496,22.3577
final_layernorm,512,23.435
final_layernorm,528,24.3627
final_layernorm,544,25.1093
final_layernorm,560,25.632
final_layernorm,576,26.795
final_layernorm,592,27.4777
final_layernorm,608,28.2243
final_layernorm,624,28.8963
final_layernorm,640,29.76
final_layernorm,656,30.9337
final_layernorm,672,31.6803
final_layernorm,688,32.5333
final_layernorm,704,33.494
final_layernorm,720,34.2937
final_layernorm,736,35.5097
final_layernorm,752,37.1953
final_layernorm,768,37.6427
final_layernorm,784,38.0377
final_layernorm,800,38.795
final_layernorm,816,39.616
final_layernorm,832,40.8643
final_layernorm,848,41.6427
final_layernorm,864,42.5817
final_layernorm,880,43.6373
final_layernorm,896,44.5653
final_layernorm,912,44.6297
final_layernorm,928,45.8993
final_layernorm,944,46.3787
final_layernorm,960,47.2643
final_layernorm,976,47.8403
final_layernorm,992,48.342
final_layernorm,1008,49.4937
final_layernorm,1024,50.3893
final_layernorm,1040,50.0057
final_layernorm,1056,51.041
final_layernorm,1072,51.7767
final_layernorm,1088,53.4087
final_layernorm,1104,53.9097
final_layernorm,1120,54.656
final_layernorm,1136,55.2647
final_layernorm,1152,56.128
final_layernorm,1168,58.3793
final_layernorm,1184,59.126
final_layernorm,1200,59.67
final_layernorm,1216,60.5983
final_layernorm,1232,61.3343
final_layernorm,1248,62.1873
final_layernorm,1264,63.19
final_layernorm,1280,63.5207
final_layernorm,1296,63.5417
final_layernorm,1312,64.726
final_layernorm,1328,65.8037
final_layernorm,1344,66.55
final_layernorm,1360,67.67
final_layernorm,1376,68.395
final_layernorm,1392,68.683
final_layernorm,1408,70.2403
final_layernorm,1424,71.3067
final_layernorm,1440,71.7767
final_layernorm,1456,72.6193
final_layernorm,1472,73.1847
final_layernorm,1488,74.326
final_layernorm,1504,75.0197
final_layernorm,1520,75.7343
final_layernorm,1536,76.598
final_layernorm,1552,76.3423
final_layernorm,1568,76.8757
final_layernorm,1584,77.878
final_layernorm,1600,79.1047
final_layernorm,1616,79.5417
final_layernorm,1632,80.1717
final_layernorm,1648,81.1953
final_layernorm,1664,81.75
final_layernorm,1680,81.3877
final_layernorm,1696,81.7927
final_layernorm,1712,82.9237
final_layernorm,1728,83.489
final_layernorm,1744,84.726
final_layernorm,1760,85.1207
final_layernorm,1776,86.7527
final_layernorm,1792,86.9983
final_layernorm,1808,88.6197
final_layernorm,1824,89.505
final_layernorm,1840,90.657
final_layernorm,1856,91.4463
final_layernorm,1872,91.8943
final_layernorm,1888,92.8647
final_layernorm,1904,93.5263
final_layernorm,1920,94.2833
final_layernorm,1936,95.212
final_layernorm,1952,96.278
final_layernorm,1968,97.846
final_layernorm,1984,97.9847
final_layernorm,2000,98.7207
final_layernorm,2016,99.222
final_layernorm,2032,100.961
final_layernorm,2048,101.441
gate_up_proj,1,357.122
gate_up_proj,2,356.706
gate_up_proj,3,359.607
gate_up_proj,4,358.658
gate_up_proj,5,360.002
gate_up_proj,6,361.367
gate_up_proj,7,360.865
gate_up_proj,8,361.645
gate_up_proj,9,361.837
gate_up_proj,10,362.69
gate_up_proj,11,363.212
gate_up_proj,12,364.642
gate_up_proj,13,364.269
gate_up_proj,14,365.826
gate_up_proj,15,366.551
gate_up_proj,16,366.989
gate_up_proj,20,347.405
gate_up_proj,24,348.034
gate_up_proj,28,349.016
gate_up_proj,32,344.151
gate_up_proj,36,346.242
gate_up_proj,40,347.32
gate_up_proj,44,348.492
gate_up_proj,48,348.898
gate_up_proj,52,349.239
gate_up_proj,56,350.829
gate_up_proj,60,348.717
gate_up_proj,64,349.559
gate_up_proj,80,425.613
gate_up_proj,96,382.328
gate_up_proj,112,375.693
gate_up_proj,128,376.365
gate_up_proj,144,574.659
gate_up_proj,160,577.529
gate_up_proj,176,581.892
gate_up_proj,192,654.254
gate_up_proj,208,658.074
gate_up_proj,224,661.636
gate_up_proj,240,663.108
gate_up_proj,256,665.017
gate_up_proj,272,977.233
gate_up_proj,288,979.697
gate_up_proj,304,981.276
gate_up_proj,320,982.673
gate_up_proj,336,986.034
gate_up_proj,352,988.829
gate_up_proj,368,992.925
gate_up_proj,384,996.562
gate_up_proj,400,1133.2
gate_up_proj,416,1133.63
gate_up_proj,432,1140.1
gate_up_proj,448,1135.57
gate_up_proj,464,1138.5
gate_up_proj,480,1144.47
gate_up_proj,496,1147.39
gate_up_proj,512,1147.5
gate_up_proj,528,1466.52
gate_up_proj,544,1466.72
gate_up_proj,560,1468.27
gate_up_proj,576,1471.84
gate_up_proj,592,1475.8
gate_up_proj,608,1477.94
gate_up_proj,624,1481.7
gate_up_proj,640,1481.51
gate_up_proj,656,1787.83
gate_up_proj,672,1790.8
gate_up_proj,688,1791.58
gate_up_proj,704,1789.43
gate_up_proj,720,1793.57
gate_up_proj,736,1800.03
gate_up_proj,752,1800.72
gate_up_proj,768,1801.77
gate_up_proj,784,2111.5
gate_up_proj,800,2117.18
gate_up_proj,816,2120.91
gate_up_proj,832,2125.54
gate_up_proj,848,2131.77
gate_up_proj,864,2134.75
gate_up_proj,880,2136.8
gate_up_proj,896,2139.88
gate_up_proj,912,2268.93
gate_up_proj,928,2270.03
gate_up_proj,944,2270.38
gate_up_proj,960,2272.28
gate_up_proj,976,2261.81
gate_up_proj,992,2274.62
gate_up_proj,1008,2277.73
gate_up_proj,1024,2268.17
gate_up_proj,1040,2614.45
gate_up_proj,1056,2613.57
gate_up_proj,1072,2615.03
gate_up_proj,1088,2617.69
gate_up_proj,1104,2638.28
gate_up_proj,1120,2626.7
gate_up_proj,1136,2634.6
gate_up_proj,1152,2631.66
gate_up_proj,1168,2925.81
gate_up_proj,1184,2943.23
gate_up_proj,1200,2937.88
gate_up_proj,1216,2983.61
gate_up_proj,1232,2962.2
gate_up_proj,1248,2982.84
gate_up_proj,1264,2974.19
gate_up_proj,1280,2947.78
gate_up_proj,1296,3257.45
gate_up_proj,1312,3354.52
gate_up_proj,1328,3320.49
gate_up_proj,1344,3305
gate_up_proj,1360,3307.29
gate_up_proj,1376,3279.98
gate_up_proj,1392,3321.65
gate_up_proj,1408,3364.79
gate_up_proj,1424,3491.46
gate_up_proj,1440,3502.53
gate_up_proj,1456,3484.42
gate_up_proj,1472,3435.45
gate_up_proj,1488,3432.85
gate_up_proj,1504,3440.28
gate_up_proj,1520,3444.09
gate_up_proj,1536,3440.22
gate_up_proj,1552,3853.66
gate_up_proj,1568,3854.67
gate_up_proj,1584,3752.6
gate_up_proj,1600,3882.18
gate_up_proj,1616,3813.37
gate_up_proj,1632,3792.67
gate_up_proj,1648,3884.71
gate_up_proj,1664,3778.89
gate_up_proj,1680,4144.05
gate_up_proj,1696,4159.11
gate_up_proj,1712,4190.08
gate_up_proj,1728,4137.76
gate_up_proj,1744,4219.59
gate_up_proj,1760,4113.35
gate_up_proj,1776,4231.95
gate_up_proj,1792,4114.61
gate_up_proj,1808,4557.67
gate_up_proj,1824,4504.7
gate_up_proj,1840,4409.35
gate_up_proj,1856,4502.83
gate_up_proj,1872,4478.84
gate_up_proj,1888,4492.81
gate_up_proj,1904,4570.34
gate_up_proj,1920,4531.69
gate_up_proj,1936,4575.24
gate_up_proj,1952,4802.44
gate_up_proj,1968,4699.43
gate_up_proj,1984,4704.15
gate_up_proj,2000,4632.89
gate_up_proj,2016,4573.09
gate_up_proj,2032,4838.28
gate_up_proj,2048,4821.28
layernorm,1,3.01867
layernorm,2,3.00783
layernorm,3,2.95967
layernorm,4,2.91733
layernorm,5,2.92817
layernorm,6,2.96
layernorm,7,2.96533
layernorm,8,2.9815
layernorm,9,2.992
layernorm,10,2.95467
layernorm,11,2.96533
layernorm,12,2.98133
layernorm,13,2.992
layernorm,14,2.99733
layernorm,15,3.01333
layernorm,16,3.00267
layernorm,20,3.05067
layernorm,24,3.152
layernorm,28,3.168
layernorm,32,3.264
layernorm,36,3.3015
layernorm,40,3.38667
layernorm,44,3.48817
layernorm,48,3.56267
layernorm,52,3.648
layernorm,56,3.74933
layernorm,60,3.85617
layernorm,64,3.947
layernorm,80,4.63483
layernorm,96,4.75717
layernorm,112,4.97083
layernorm,128,5.11467
layernorm,144,5.78167
layernorm,160,5.87183
layernorm,176,6.05867
layernorm,192,6.34167
layernorm,208,7.328
layernorm,224,7.584
layernorm,240,8.08017
layernorm,256,6.672
layernorm,272,7.14633
layernorm,288,7.24283
layernorm,304,7.69067
layernorm,320,8.16
layernorm,336,8.971
layernorm,352,9.659
layernorm,368,9.85067
layernorm,384,10.64
layernorm,400,13.488
layernorm,416,14.1705
layernorm,432,14.7735
layernorm,448,15.7653
layernorm,464,16.3733
layernorm,480,16.8693
layernorm,496,17.3013
layernorm,512,17.8453
layernorm,528,18.2295
layernorm,544,18.5017
layernorm,560,19.0667
layernorm,576,19.68
layernorm,592,20.2613
layernorm,608,20.8378
layernorm,624,21.5523
layernorm,640,21.979
layernorm,656,22.8375
layernorm,672,23.424
layernorm,688,24.2028
layernorm,704,24.8855
layernorm,720,25.8243
layernorm,736,26.4857
layernorm,752,27.3497
layernorm,768,28.1387
layernorm,784,28.6453
layernorm,800,29.4243
layernorm,816,30.1123
layernorm,832,30.9657
layernorm,848,31.5947
layernorm,864,32.3952
layernorm,880,33.0403
layernorm,896,33.9522
layernorm,912,34.2245
layernorm,928,35.0033
layernorm,944,35.702
layernorm,960,36.2832
layernorm,976,36.8323
layernorm,992,37.1367
layernorm,1008,37.8725
layernorm,1024,38.3843
layernorm,1040,38.203
layernorm,1056,38.7043
layernorm,1072,39.5843
layernorm,1088,40.2135
layernorm,1104,41.0513
layernorm,1120,41.8135
layernorm,1136,42.2668
layernorm,1152,42.998
layernorm,1168,43.9097
layernorm,1184,44.5338
layernorm,1200,45.0935
layernorm,1216,46.2618
layernorm,1232,46.5337
layernorm,1248,47.3603
layernorm,1264,48.059
layernorm,1280,48.7468
layernorm,1296,49.6907
layernorm,1312,50.3418
layernorm,1328,50.7738
layernorm,1344,51.6963
layernorm,1360,52.6298
layernorm,1376,53.0885
layernorm,1392,53.8565
layernorm,1408,54.491
layernorm,1424,55.3923
layernorm,1440,55.9472
layernorm,1456,57.1473
layernorm,1472,57.7495
layernorm,1488,58.1338
layernorm,1504,58.7897
layernorm,1520,59.6433
layernorm,1536,60.07
layernorm,1552,58.9182
layernorm,1568,59.1843
layernorm,1584,60.187
layernorm,1600,60.7685
layernorm,1616,61.4353
layernorm,1632,61.8513
layernorm,1648,63.1685
layernorm,1664,63.5843
layernorm,1680,64.0112
layernorm,1696,64.8433
layernorm,1712,65.4568
layernorm,1728,66.3898
layernorm,1744,67.638
layernorm,1760,67.8778
layernorm,1776,68.6033
layernorm,1792,69.1797
layernorm,1808,70.3688
layernorm,1824,70.9713
layernorm,1840,71.5258
layernorm,1856,72.438
layernorm,1872,72.9443
layernorm,1888,73.8565
layernorm,1904,74.758
layernorm,1920,74.9717
layernorm,1936,75.7233
layernorm,1952,76.5125
layernorm,1968,76.9768
layernorm,1984,78.15
layernorm,2000,78.1765
layernorm,2016,78.9715
layernorm,2032,79.142
layernorm,2048,80.3527
o_proj,1,56.1383
o_proj,2,52.9923
o_proj,3,52.3737
o_proj,4,52.79
o_proj,5,52.8217
o_proj,6,52.7787
o_proj,7,52.7363
o_proj,8,52.9497
o_proj,9,52.896
o_proj,10,53.1203
o_proj,11,52.928
o_proj,12,52.9387
o_proj,13,53.3127
o_proj,14,53.1847
o_proj,15,53.163
o_proj,16,53.3767
o_proj,20,53.2053
o_proj,24,53.632
o_proj,28,53.899
o_proj,32,53.92
o_proj,36,63.105
o_proj,40,63.4777
o_proj,44,64.064
o_proj,48,64.118
o_proj,52,65.0133
o_proj,56,65.2373
o_proj,60,58.4217
o_proj,64,55.7337
o_proj,80,71.6917
o_proj,96,59.8297
o_proj,112,61.3447
o_proj,128,60.7683
o_proj,144,118.433
o_proj,160,119.328
o_proj,176,94.7527
o_proj,192,94.3047
o_proj,208,119.627
o_proj,224,120.257
o_proj,240,119.99
o_proj,256,120.331
o_proj,272,153.1
o_proj,288,153.804
o_proj,304,154.209
o_proj,320,154.615
o_proj,336,156.375
o_proj,352,157.324
o_proj,368,175.468
o_proj,384,175.521
o_proj,400,166.124
o_proj,416,166.145
o_proj,432,167.18
o_proj,448,166.252
o_proj,464,166.135
o_proj,480,167.222
o_proj,496,167.276
o_proj,512,166.38
o_proj,528,261.666
o_proj,544,260.567
o_proj,560,261.719
o_proj,576,262.242
o_proj,592,263.693
o_proj,608,264.333
o_proj,624,264.642
o_proj,640,263.544
o_proj,656,265.719
o_proj,672,266.05
o_proj,688,266.488
o_proj,704,264.994
o_proj,720,267.288
o_proj,736,267.309
o_proj,752,268.067
o_proj,768,268.002
o_proj,784,329.038
o_proj,800,329.474
o_proj,816,329.827
o_proj,832,332.014
o_proj,848,331.64
o_proj,864,332.248
o_proj,880,331.981
o_proj,896,330.797
o_proj,912,333.006
o_proj,928,333.155
o_proj,944,333.347
o_proj,960,333.73
o_proj,976,331.341
o_proj,992,333.645
o_proj,1008,333.912
o_proj,1024,331.661
o_proj,1040,492.89
o_proj,1056,491.29
o_proj,1072,492.996
o_proj,1088,491.044
o_proj,1104,491.759
o_proj,1120,491.983
o_proj,1136,493.561
o_proj,1152,493.924
o_proj,1168,491.716
o_proj,1184,496.271
o_proj,1200,493.775
o_proj,1216,491.695
o_proj,1232,497.775
o_proj,1248,494.02
o_proj,1264,493.999
o_proj,1280,492.313
o_proj,1296,494.33
o_proj,1312,500.314
o_proj,1328,494.81
o_proj,1344,502.255
o_proj,1360,502.105
o_proj,1376,494.895
o_proj,1392,494.724
o_proj,1408,492.932
o_proj,1424,505.306
o_proj,1440,495.93
o_proj,1456,504.868
o_proj,1472,494.629
o_proj,1488,492.079
o_proj,1504,491.888
o_proj,1520,491.546
o_proj,1536,491.951
o_proj,1552,674.096
o_proj,1568,673.947
o_proj,1584,653.243
o_proj,1600,655.472
o_proj,1616,663.334
o_proj,1632,655.771
o_proj,1648,676.059
o_proj,1664,655.739
o_proj,1680,653.414
o_proj,1696,663.227
o_proj,1712,655.867
o_proj,1728,666.044
o_proj,1744,679.078
o_proj,1760,663.324
o_proj,1776,679.346
o_proj,1792,653.457
o_proj,1808,670.065
o_proj,1824,672.166
o_proj,1840,656.294
o_proj,1856,669.916
o_proj,1872,656.689
o_proj,1888,671.665
o_proj,1904,674.395
o_proj,1920,653.211
o_proj,1936,653.884
o_proj,1952,678.833
o_proj,1968,674.918
o_proj,1984,678.844
o_proj,2000,657.766
o_proj,2016,657.606
o_proj,2032,684.263
o_proj,2048,687.772
qkv_proj,1,81.4197
qkv_proj,2,80.374
qkv_proj,3,78.4003
qkv_proj,4,78.8377
qkv_proj,5,78.7847
qkv_proj,6,78.8487
qkv_proj,7,78.763
qkv_proj,8,78.71
qkv_proj,9,78.902
qkv_proj,10,78.646
qkv_proj,11,78.6563
qkv_proj,12,78.6457
qkv_proj,13,79.051
qkv_proj,14,78.891
qkv_proj,15,78.6137
qkv_proj,16,78.9227
qkv_proj,20,81.163
qkv_proj,24,79.67
qkv_proj,28,79.9153
qkv_proj,32,81.5257
qkv_proj,36,82.102
qkv_proj,40,82.3577
qkv_proj,44,82.774
qkv_proj,48,82.7847
qkv_proj,52,83.4033
qkv_proj,56,83.4777
qkv_proj,60,83.6377
qkv_proj,64,82.71
qkv_proj,80,98.368
qkv_proj,96,100.79
qkv_proj,112,99.4243
qkv_proj,128,99.7873
qkv_proj,144,181.889
qkv_proj,160,182.167
qkv_proj,176,182.081
qkv_proj,192,147.745
qkv_proj,208,147.948
qkv_proj,224,149.121
qkv_proj,240,148.844
qkv_proj,256,150.177
qkv_proj,272,224.364
qkv_proj,288,224.972
qkv_proj,304,225.932
qkv_proj,320,226.252
qkv_proj,336,227.607
qkv_proj,352,228.781
qkv_proj,368,242.914
qkv_proj,384,245.1
qkv_proj,400,297.773
qkv_proj,416,298.007
qkv_proj,432,299.373
qkv_proj,448,298.499
qkv_proj,464,298.328
qkv_proj,480,299.756
qkv_proj,496,300.173
qkv_proj,512,299.767
qkv_proj,528,333.623
qkv_proj,544,332.045
qkv_proj,560,332.355
qkv_proj,576,332.29
qkv_proj,592,334.126
qkv_proj,608,334.232
qkv_proj,624,334.456
qkv_proj,640,333.037
qkv_proj,656,494.062
qkv_proj,672,494.105
qkv_proj,688,494.585
qkv_proj,704,492.964
qkv_proj,720,494.873
qkv_proj,736,494.724
qkv_proj,752,494.948
qkv_proj,768,495.215
qkv_proj,784,491.769
qkv_proj,800,492.377
qkv_proj,816,492.538
qkv_proj,832,494.628
qkv_proj,848,494.596
qkv_proj,864,494.778
qkv_proj,880,494.852
qkv_proj,896,493.807
qkv_proj,912,494.948
qkv_proj,928,495.3
qkv_proj,944,495.226
qkv_proj,960,496.036
qkv_proj,976,493.551
qkv_proj,992,496.367
qkv_proj,1008,496.783
qkv_proj,1024,494.468
qkv_proj,1040,657.275
qkv_proj,1056,654.779
qkv_proj,1072,657.403
qkv_proj,1088,655.302
qkv_proj,1104,655.611
qkv_proj,1120,656.443
qkv_proj,1136,657.681
qkv_proj,1152,658.149
qkv_proj,1168,655.227
qkv_proj,1184,661.233
qkv_proj,1200,657.638
qkv_proj,1216,655.835
qkv_proj,1232,660.774
qkv_proj,1248,658.822
qkv_proj,1264,658.929
qkv_proj,1280,658.011
qkv_proj,1296,818.503
qkv_proj,1312,818.867
qkv_proj,1328,819.251
qkv_proj,1344,830.705
qkv_proj,1360,831.858
qkv_proj,1376,819.623
qkv_proj,1392,821.02
qkv_proj,1408,819.74
qkv_proj,1424,834.301
qkv_proj,1440,817.586
qkv_proj,1456,832.754
qkv_proj,1472,818.483
qkv_proj,1488,816.498
qkv_proj,1504,816.584
qkv_proj,1520,816.904
qkv_proj,1536,816.967
qkv_proj,1552,843.89
qkv_proj,1568,844.189
qkv_proj,1584,818.204
qkv_proj,1600,821.468
qkv_proj,1616,830.525
qkv_proj,1632,821.212
qkv_proj,1648,818.013
qkv_proj,1664,821.416
qkv_proj,1680,978.122
qkv_proj,1696,992.852
qkv_proj,1712,980.702
qkv_proj,1728,989.684
qkv_proj,1744,1015.37
qkv_proj,1760,986.91
qkv_proj,1776,1015.52
qkv_proj,1792,978.804
qkv_proj,1808,1003.27
qkv_proj,1824,1006.35
qkv_proj,1840,981.396
qkv_proj,1856,993.716
qkv_proj,1872,981.834
qkv_proj,1888,994.324
qkv_proj,1904,1010.24
qkv_proj,1920,979.038
qkv_proj,1936,978.996
qkv_proj,1952,1015.11
qkv_proj,1968,1010.59
qkv_proj,1984,1015.1
qkv_proj,2000,983.337
qkv_proj,2016,983.316
qkv_proj,2032,1022.75
qkv_proj,2048,1027.99
rotary_emb,1,3.89333
rotary_emb,2,4.07467
rotary_emb,3,4.437
rotary_emb,4,4.49067
rotary_emb,5,4.40533
rotary_emb,6,4.46933
rotary_emb,7,4.40533
rotary_emb,8,4.41633
rotary_emb,9,4.384
rotary_emb,10,4.34133
rotary_emb,11,4.448
rotary_emb,12,4.41633
rotary_emb,13,4.39467
rotary_emb,14,4.40533
rotary_emb,15,4.416
rotary_emb,16,4.37367
rotary_emb,20,3.98933
rotary_emb,24,3.86133
rotary_emb,28,4.01067
rotary_emb,32,3.91433
rotary_emb,36,3.88233
rotary_emb,40,3.968
rotary_emb,44,3.96833
rotary_emb,48,3.968
rotary_emb,52,4
rotary_emb,56,4.01067
rotary_emb,60,4.032
rotary_emb,64,4.032
rotary_emb,80,5.41867
rotary_emb,96,5.64233
rotary_emb,112,5.003
rotary_emb,128,5.13067
rotary_emb,144,6.827
rotary_emb,160,6.90133
rotary_emb,176,7.29633
rotary_emb,192,6.37867
rotary_emb,208,7.65867
rotary_emb,224,7.92533
rotary_emb,240,7.947
rotary_emb,256,7.88267
rotary_emb,272,10.7627
rotary_emb,288,11.232
rotary_emb,304,11.776
rotary_emb,320,12.203
rotary_emb,336,13.0133
rotary_emb,352,13.376
rotary_emb,368,13.8033
rotary_emb,384,14.272
rotary_emb,400,16.043
rotary_emb,416,16.2243
rotary_emb,432,16.8857
rotary_emb,448,17.3123
rotary_emb,464,17.6857
rotary_emb,480,18.3153
rotary_emb,496,18.977
rotary_emb,512,19.51
rotary_emb,528,19.1257
rotary_emb,544,19.8297
rotary_emb,560,20.672
rotary_emb,576,21.0667
rotary_emb,592,22.24
rotary_emb,608,22.8373
rotary_emb,624,23.3387
rotary_emb,640,23.7337
rotary_emb,656,24.0857
rotary_emb,672,24.7577
rotary_emb,688,25.1737
rotary_emb,704,25.6963
rotary_emb,720,26.2937
rotary_emb,736,27.072
rotary_emb,752,27.6267
rotary_emb,768,28.1923
rotary_emb,784,29.3443
rotary_emb,800,29.8033
rotary_emb,816,30.4427
rotary_emb,832,31.072
rotary_emb,848,31.8187
rotary_emb,864,32.491
rotary_emb,880,32.7683
rotary_emb,896,33.4613
rotary_emb,912,33.611
rotary_emb,928,34.219
rotary_emb,944,35.2323
rotary_emb,960,35.435
rotary_emb,976,36.171
rotary_emb,992,37.0027
rotary_emb,1008,37.3977
rotary_emb,1024,38.1123
rotary_emb,1040,37.8673
rotary_emb,1056,38.3683
rotary_emb,1072,39.2537
rotary_emb,1088,39.6593
rotary_emb,1104,40.182
rotary_emb,1120,40.4587
rotary_emb,1136,41.1093
rotary_emb,1152,41.7497
rotary_emb,1168,43.0723
rotary_emb,1184,43.9577
rotary_emb,1200,44.5337
rotary_emb,1216,45.11
rotary_emb,1232,46.0163
rotary_emb,1248,46.048
rotary_emb,1264,47.0193
rotary_emb,1280,47.2323
rotary_emb,1296,46.0277
rotary_emb,1312,46.507
rotary_emb,1328,47.222
rotary_emb,1344,47.8833
rotary_emb,1360,48.5973
rotary_emb,1376,48.9817
rotary_emb,1392,49.5157
rotary_emb,1408,50.2617
rotary_emb,1424,51.8087
rotary_emb,1440,52.0113
rotary_emb,1456,52.6617
rotary_emb,1472,53.206
rotary_emb,1488,53.9743
rotary_emb,1504,54.294
rotary_emb,1520,54.87
rotary_emb,1536,55.552
rotary_emb,1552,56.587
rotary_emb,1568,57.3767
rotary_emb,1584,57.5473
rotary_emb,1600,58.283
rotary_emb,1616,59.3823
rotary_emb,1632,59.745
rotary_emb,1648,60.2777
rotary_emb,1664,61.0133
rotary_emb,1680,59.5627
rotary_emb,1696,60.566
rotary_emb,1712,60.8217
rotary_emb,1728,61.5047
rotary_emb,1744,62.6783
rotary_emb,1760,62.7633
rotary_emb,1776,64.0007
rotary_emb,1792,64.0223
rotary_emb,1808,65.0883
rotary_emb,1824,65.8883
rotary_emb,1840,65.6857
rotary_emb,1856,66.6993
rotary_emb,1872,67.286
rotary_emb,1888,68.1503
rotary_emb,1904,69.1633
rotary_emb,1920,69.2277
rotary_emb,1936,69.7823
rotary_emb,1952,71.1257
rotary_emb,1968,71.862
rotary_emb,1984,72.203
rotary_emb,2000,72.2997
rotary_emb,2016,73.3767
rotary_emb,2032,73.6647
rotary_emb,2048,74.891
