layer,sequences,time_us
lm_head,1,1401.09
lm_head,2,1413.09
lm_head,3,1414.38
lm_head,4,1419.06
lm_head,5,1418.39
lm_head,6,1420.13
lm_head,7,1420.72
lm_head,8,1421.03
lm_head,9,1422.34
lm_head,10,1425.77
lm_head,11,1425.92
lm_head,12,1427.74
lm_head,13,1430.57
lm_head,14,1429.27
lm_head,15,1433.35
lm_head,16,1431.88
lm_head,20,1456.23
lm_head,24,1461.9
lm_head,28,1464.63
lm_head,32,1464
lm_head,36,1468.4
lm_head,40,1473.92
lm_head,44,1480.51
lm_head,48,1481.23
lm_head,52,1487.83
lm_head,56,1488.6
lm_head,60,1490.45
lm_head,64,1490.03
lm_head,80,1512.72
lm_head,96,1521.14
lm_head,112,1528.69
lm_head,128,1538.64
lm_head,144,2352.51
lm_head,160,2401.61
lm_head,176,2450.65
lm_head,192,2589.36
lm_head,208,2591.26
lm_head,224,2592.49
lm_head,240,2595.66
lm_head,256,2599.39
sampler,1,37.3973
sampler,2,39.414
sampler,3,39.638
sampler,4,41.6747
sampler,5,41.9313
sampler,6,42.4323
sampler,7,44.0753
sampler,8,45.174
sampler,9,47.3607
sampler,10,53.718
sampler,11,55.6273
sampler,12,56.0537
sampler,13,58.678
sampler,14,59.702
sampler,15,60.5663
sampler,16,62.518
sampler,20,67.617
sampler,24,71.8933
sampler,28,77.995
sampler,32,82.8383
sampler,36,87.798
sampler,40,94.1133
sampler,44,99.9483
sampler,48,105.196
sampler,52,110.721
sampler,56,118.647
sampler,60,124.78
sampler,64,131.116
sampler,80,163.372
sampler,96,191.628
sampler,112,220.514
sampler,128,249.881
sampler,144,280.942
sampler,160,310.244
sampler,176,339.684
sampler,192,369.263
sampler,208,430.576
sampler,224,451.451
sampler,240,471.462
sampler,256,497.638
